Ticker,IsCurncyFixing,CurncyFixingQuoteFormat,date,PX_OPEN,PX_HIGH,PX_LOW,PX_LAST,PX_VOLUME,TURNOVER,CUR_MKT_CAP,SHORT_INT,EQY_SH_OUT,EQY_FLOAT,EQY_WEIGHTED_AVG_PX,AVERAGE_BID_ASK_SPREAD_%,BEST_EPS,PE_RATIO,BEST_SALES,SALES_REV_TURN,BEST_PE_RATIO,BEST_EBITDA,EQY_DVD_YLD_IND,BEST_TARGET_PRICE,NET_INCOME,BOOK_VAL_PER_SH
353 HK Equity,False,,2016-12-28,0.115,0.115,0.113,0.114,1440000.0,164180.0,347.6663,,3049.705,2200.699,0.114,2.0276,,,,,,,,,,
353 HK Equity,False,,2016-12-29,0.115,0.125,0.115,0.12,2080000.0,243300.0,365.9646,,3049.705,2200.699,0.117,2.6116,,,,,,,,,,
353 HK Equity,False,,2016-12-30,0.121,0.142,0.121,0.129,14995000.0,1974645.0,393.4119,,3049.705,2200.699,0.1317,2.4774,,,,,,,,,,
353 HK Equity,False,,2016-12-31,,,,,,,,,,,,,,,,20.173,,,,,-130.929,0.1147
353 HK Equity,False,,2017-01-01,,,,,,,,,,,,,,,,,,,,,,
353 HK Equity,False,,2017-01-02,,,,,,,,,,,,,,,,,,,,,,
353 HK Equity,False,,2017-01-03,0.13,0.136,0.13,0.136,5641500.0,757655.5,414.7598,,3049.705,2200.699,0.1343,1.8768,,,,,,,,,,
353 HK Equity,False,,2017-01-04,0.139,0.143,0.133,0.136,3140000.0,437340.0,414.7598,,3049.705,2200.699,0.1393,2.6968,,,,,,,,,,
353 HK Equity,False,,2017-01-05,0.133,0.136,0.133,0.136,3840000.0,516700.0,414.7598,,3049.705,2200.699,0.1346,4.1767,,,,,,,,,,
353 HK Equity,False,,2017-01-06,0.137,0.138,0.136,0.136,4231500.0,578499.5,414.7598,,3049.705,2200.699,0.1367,1.5281,,,,,,,,,,
353 HK Equity,False,,2017-01-07,,,,,,,,,,,,,,,,,,,,,,
353 HK Equity,False,,2017-01-08,,,,,,,,,,,,,,,,,,,,,,
353 HK Equity,False,,2017-01-09,0.134,0.134,0.134,0.134,200000.0,26800.0,408.6604,,3049.705,2200.699,0.134,4.2493,,,,,,,,,,
353 HK Equity,False,,2017-01-10,0.131,0.137,0.131,0.133,1880000.0,248420.0,405.6107,,3049.705,2200.699,0.1321,3.6446,,,,,,,,,,
353 HK Equity,False,,2017-01-11,0.133,0.137,0.132,0.137,1330000.0,179560.0,417.8095,,3049.705,2200.699,0.1352,3.7801,,,,,,,,,,
353 HK Equity,False,,2017-01-12,0.138,0.14,0.136,0.136,3660200.0,500025.4,414.7598,,3049.705,2200.699,0.1366,2.8327999999999998,,,,,,,,,,
353 HK Equity,False,,2017-01-13,0.133,0.14,0.131,0.139,6506000.0,891850.0,423.9089,,3049.705,2200.699,0.1371,5.5373,,,,,,,,,,
353 HK Equity,False,,2017-01-14,,,,,,,,,,,,,,,,,,,,,,
353 HK Equity,False,,2017-01-15,,,,,,,,,,,,,,,,,,,,,,
353 HK Equity,False,,2017-01-16,0.134,0.14,0.133,0.135,3700000.0,505720.0,411.7101,,3049.705,2200.699,0.1367,3.5587,,,,,,,,,,
353 HK Equity,False,,2017-01-17,0.134,0.139,0.13,0.139,2083600.0,278388.0,423.9089,,3049.705,2200.699,0.1337,4.9899000000000004,,,,,,,,,,
353 HK Equity,False,,2017-01-18,0.137,0.14,0.137,0.137,3680000.0,511900.0,417.8095,,3049.705,2200.699,0.1391,3.0219,,,,,,,,,,
353 HK Equity,False,,2017-01-19,0.136,0.143,0.134,0.138,1029600.0,139907.2,420.8592,,3049.705,2200.699,0.1359,6.2778,,,,,,,,,,
353 HK Equity,False,,2017-01-20,0.14,0.154,0.14,0.15,11570000.0,1693220.0,457.4557,,3049.705,2200.699,0.1464,2.1029,,,,,,,,,,
353 HK Equity,False,,2017-01-21,,,,,,,,,,,,,,,,,,,,,,
353 HK Equity,False,,2017-01-22,,,,,,,,,,,,,,,,,,,,,,
353 HK Equity,False,,2017-01-23,0.15,0.163,0.148,0.16,21448200.0,3377414.0,487.9527,,3049.705,2200.699,0.1575,1.9618,,,,,,,,,,
353 HK Equity,False,,2017-01-24,0.163,0.165,0.155,0.157,4180000.0,672820.0,478.8036,,3049.705,2200.699,0.161,2.5683,,,,,,,,,,
353 HK Equity,False,,2017-01-25,0.143,0.154,0.143,0.15,560000.0,83680.0,457.4557,,3049.705,2200.699,0.1494,5.0933,,,,,,,,,,
353 HK Equity,False,,2017-01-26,0.15,0.15,0.146,0.146,460000.0,68920.0,445.2569,,3049.705,2200.699,0.1498,2.5452,,,,,,,,,,
353 HK Equity,False,,2017-01-27,0.146,0.146,0.146,0.146,100000.0,14600.0,445.2569,,3049.705,2200.699,0.146,13.6295,,,,,,,,,,
353 HK Equity,False,,2017-01-28,,,,,,,,,,,,,,,,,,,,,,
353 HK Equity,False,,2017-01-29,,,,,,,,,,,,,,,,,,,,,,
353 HK Equity,False,,2017-01-30,,,,,,,,,,,,,,,,,,,,,,
353 HK Equity,False,,2017-01-31,,,,,,,,,,,,,,,,,,,,,,
353 HK Equity,False,,2017-02-01,0.146,0.148,0.145,0.145,2300000.0,335080.0,442.2072,,3049.705,2200.699,0.1457,3.9768,,,,,,,,,,
353 HK Equity,False,,2017-02-02,0.141,0.145,0.141,0.145,1580000.0,227160.0,442.2072,,3049.705,2200.699,0.1438,4.9704,,,,,,,,,,
353 HK Equity,False,,2017-02-03,0.145,0.145,0.145,0.145,340000.0,49300.0,442.2072,,3049.705,2200.699,0.145,10.9259,,,,,,,,,,
353 HK Equity,False,,2017-02-04,,,,,,,,,,,,,,,,,,,,,,
353 HK Equity,False,,2017-02-05,,,,,,,,,,,,,,,,,,,,,,
353 HK Equity,False,,2017-02-06,0.145,0.147,0.143,0.145,3580800.0,520092.0,442.2072,,3049.705,2200.699,0.1452,4.5376,,,,,,,,,,
353 HK Equity,False,,2017-02-07,0.143,0.143,0.142,0.142,485000.0,68710.0,433.0581,,3049.705,2200.699,0.142,3.5204,,,,,,,,,,
353 HK Equity,False,,2017-02-08,0.145,0.145,0.136,0.142,2220000.0,309960.0,433.0581,,3049.705,2200.699,0.1396,3.8999,,,,,,,,,,
353 HK Equity,False,,2017-02-09,0.14,0.149,0.14,0.146,2142000.0,310620.0,445.2569,,3049.705,2200.699,0.145,4.1801,,,,,,,,,,
353 HK Equity,False,,2017-02-10,0.144,0.147,0.144,0.144,960000.0,139600.0,439.1575,,3049.705,2200.699,0.1454,4.7847,,,,,,,,,,
353 HK Equity,False,,2017-02-11,,,,,,,,,,,,,,,,,,,,,,
353 HK Equity,False,,2017-02-12,,,,,,,,,,,,,,,,,,,,,,
353 HK Equity,False,,2017-02-13,0.144,0.145,0.142,0.145,1009700.0,144172.3,442.2072,,3049.705,2200.699,0.1429,5.1853,,,,,,,,,,
353 HK Equity,False,,2017-02-14,0.145,0.145,0.145,0.145,792000.0,114720.0,442.2072,,3049.705,2200.699,0.145,4.9281,,,,,,,,,,
353 HK Equity,False,,2017-02-15,0.143,0.144,0.143,0.144,400000.0,57200.0,439.1575,,3049.705,2200.699,0.143,6.7649,,,,,,,,,,
353 HK Equity,False,,2017-02-16,0.144,0.145,0.144,0.144,900000.0,130100.0,439.1575,,3049.705,2200.699,0.1446,6.5496,,,,,,,,,,
353 HK Equity,False,,2017-02-17,0.142,0.145,0.14,0.144,861900.0,122329.0,439.1575,,3049.705,2200.699,0.142,4.4021,,,,,,,,,,
353 HK Equity,False,,2017-02-18,,,,,,,,,,,,,,,,,,,,,,
353 HK Equity,False,,2017-02-19,,,,,,,,,,,,,,,,,,,,,,
353 HK Equity,False,,2017-02-20,0.144,0.144,0.142,0.144,372600.0,53163.2,439.1575,,3049.705,2200.699,0.1431,4.3812999999999995,,,,,,,,,,
353 HK Equity,False,,2017-02-21,0.144,0.144,0.14,0.142,580000.0,82160.0,433.0581,,3049.705,2200.699,0.1417,4.4079,,,,,,,,,,
353 HK Equity,False,,2017-02-22,0.142,0.145,0.142,0.145,420000.0,60540.0,442.2072,,3049.705,2200.699,0.1441,3.2313,,,,,,,,,,
353 HK Equity,False,,2017-02-23,0.142,0.16,0.142,0.15,6070000.0,895130.0,457.4557,,3049.705,2200.699,0.1475,4.8514,,,,,,,,,,
353 HK Equity,False,,2017-02-24,0.146,0.148,0.146,0.148,560000.0,82480.0,451.3563,,3049.705,2200.699,0.1473,3.5871,,,,,,,,,,
353 HK Equity,False,,2017-02-25,,,,,,,,,,,,,,,,,,,,,,
353 HK Equity,False,,2017-02-26,,,,,,,,,,,,,,,,,,,,,,
353 HK Equity,False,,2017-02-27,0.149,0.149,0.149,0.149,302000.0,44788.0,454.406,,3049.705,2200.699,0.1483,2.1324,,,,,,,,,,
353 HK Equity,False,,2017-02-28,0.148,0.15,0.148,0.15,2000000.0,296840.0,457.4557,,3049.705,2200.699,0.1484,2.7651,,,,,,,,,,
353 HK Equity,False,,2017-03-01,0.152,0.153,0.15,0.15,1060000.0,160900.0,457.4557,,3049.705,2200.699,0.1518,1.5074999999999998,,,,,,,,,,
353 HK Equity,False,,2017-03-02,0.151,0.152,0.15,0.152,356000.0,53476.0,463.5551,,3049.705,2200.699,0.1506,1.0724,,,,,,,,,,
353 HK Equity,False,,2017-03-03,0.15,0.155,0.15,0.15,2100000.0,318460.0,457.4557,,3049.705,2200.699,0.1516,1.6053,,,,,,,,,,
353 HK Equity,False,,2017-03-04,,,,,,,,,,,,,,,,,,,,,,
353 HK Equity,False,,2017-03-05,,,,,,,,,,,,,,,,,,,,,,
353 HK Equity,False,,2017-03-06,0.15,0.151,0.15,0.151,2012600.0,302464.0,460.5054,,3049.705,2200.699,0.1504,3.1419,,,,,,,,,,
353 HK Equity,False,,2017-03-07,0.151,0.152,0.151,0.151,3222000.0,486590.0,460.5054,,3049.705,2200.699,0.151,2.3607,,,,,,,,,,
353 HK Equity,False,,2017-03-08,0.152,0.152,0.151,0.152,1375000.0,208815.0,463.5551,,3049.705,2200.699,0.152,1.8674,,,,,,,,,,
353 HK Equity,False,,2017-03-09,0.152,0.152,0.15,0.151,6220000.0,943440.0,460.5054,,3049.705,2200.699,0.1517,1.2342,,,,,,,,,,
353 HK Equity,False,,2017-03-10,0.152,0.155,0.152,0.155,6160000.0,951820.0,472.7042,,3049.705,2200.699,0.1545,1.2231,,,,,,,,,,
353 HK Equity,False,,2017-03-11,,,,,,,,,,,,,,,,,,,,,,
353 HK Equity,False,,2017-03-12,,,,,,,,,,,,,,,,,,,,,,
353 HK Equity,False,,2017-03-13,0.151,0.155,0.151,0.155,2674500.0,414057.0,472.7042,,3049.705,2200.699,0.1548,1.7149,,,,,,,,,,
353 HK Equity,False,,2017-03-14,0.155,0.165,0.155,0.165,7585000.0,1219435.0,503.2013,,3049.705,2200.699,0.1608,2.8372,,,,,,,,,,
353 HK Equity,False,,2017-03-15,0.165,0.172,0.165,0.169,10478500.0,1773754.0,515.4001,,3049.705,2200.699,0.1693,1.2528000000000001,,,,,,,,,,
353 HK Equity,False,,2017-03-16,0.172,0.175,0.168,0.168,8540000.0,1461280.0,512.3504,,3049.705,2200.699,0.1711,1.3249,,,,,,,,,,
353 HK Equity,False,,2017-03-17,0.166,0.168,0.161,0.163,3836000.0,632220.0,497.1018,,3049.705,2200.699,0.1649,3.0391,,,,,,,,,,
353 HK Equity,False,,2017-03-18,,,,,,,,,,,,,,,,,,,,,,
353 HK Equity,False,,2017-03-19,,,,,,,,,,,,,,,,,,,,,,
353 HK Equity,False,,2017-03-20,0.163,0.19,0.163,0.19,15877300.0,2805569.0,579.4439,,3049.705,2200.699,0.1767,2.6584,,,,,,,,,,
353 HK Equity,False,,2017-03-21,0.19,0.228,0.19,0.209,37460000.0,7493340.0,637.3883,,3049.705,2200.699,0.2,1.637,,,,,,,,,,
353 HK Equity,False,,2017-03-22,0.21,0.215,0.191,0.212,27815000.0,5715890.0,646.5374,,3049.705,2200.699,0.2055,1.9699,,,,,,,,,,
353 HK Equity,False,,2017-03-23,0.207,0.212,0.2,0.212,29555000.0,6125400.0,646.5374,,3049.705,2200.699,0.2073,1.9278,,,,,,,,,,
353 HK Equity,False,,2017-03-24,0.212,0.228,0.207,0.22,21152000.0,4474656.0,670.935,,3049.705,2200.699,0.2116,1.5956000000000001,,,,,,,,,,
353 HK Equity,False,,2017-03-25,,,,,,,,,,,,,,,,,,,,,,
353 HK Equity,False,,2017-03-26,,,,,,,,,,,,,,,,,,,,,,
353 HK Equity,False,,2017-03-27,0.218,0.24,0.218,0.219,72372568.0,16553230.0,667.8853,,3049.705,2200.699,0.2287,1.2599,,,,,,,,,,
353 HK Equity,False,,2017-03-28,0.216,0.216,0.198,0.203,25780000.0,5255380.0,619.09,,3049.705,2200.699,0.2039,1.8197999999999999,,,,,,,,,,
353 HK Equity,False,,2017-03-29,0.199,0.216,0.199,0.21,15130600.0,3154520.0,640.438,,3049.705,2200.699,0.2085,1.4154,,,,,,,,,,
353 HK Equity,False,,2017-03-30,0.21,0.216,0.208,0.208,3047000.0,643620.0,634.3386,,3049.705,2200.699,0.2113,2.0268,,,,,,,,,,
353 HK Equity,False,,2017-03-31,0.208,0.213,0.208,0.213,6153200.0,1298347.0,649.5871,,3049.705,2200.699,0.2111,1.6844000000000001,,,,,,,,,,
353 HK Equity,False,,2017-04-01,,,,,,,,,,,,,,,,,,,,,,
353 HK Equity,False,,2017-04-02,,,,,,,,,,,,,,,,,,,,,,
353 HK Equity,False,,2017-04-03,0.209,0.21,0.205,0.209,2445000.0,510590.0,637.3883,,3049.705,2200.699,0.2088,2.2545,,,,,,,,,,
353 HK Equity,False,,2017-04-04,,,,,,,,,,,,,,,,,,,,,,
353 HK Equity,False,,2017-04-05,0.209,0.22,0.209,0.215,5540800.0,1195733.0,655.6865,,3049.705,2200.699,0.2158,1.4644,,,,,,,,,,
353 HK Equity,False,,2017-04-06,0.213,0.231,0.21,0.228,11980000.0,2687020.0,695.3326,,3049.705,2200.699,0.2243,1.2084,,,,,,,,,,
353 HK Equity,False,,2017-04-07,0.228,0.244,0.224,0.24,21212600.0,5044865.0,731.9291,,3049.705,2200.699,0.2378,1.4563,,,,,,,,,,
353 HK Equity,False,,2017-04-08,,,,,,,,,,,,,,,,,,,,,,
353 HK Equity,False,,2017-04-09,,,,,,,,,,,,,,,,,,,,,,
353 HK Equity,False,,2017-04-10,0.245,0.255,0.243,0.25,29555000.0,7368160.0,762.4261,,3049.705,2200.699,0.2493,0.7534,,,,,,,,,,
353 HK Equity,False,,2017-04-11,0.248,0.248,0.243,0.243,10000000.0,2456860.0,741.0782,,3049.705,2200.699,0.2457,1.0909,,,,,,,,,,
353 HK Equity,False,,2017-04-12,0.243,0.243,0.222,0.224,17839600.0,4136096.0,683.1338,,3049.705,2200.699,0.2319,1.3757,,,,,,,,,,
353 HK Equity,False,,2017-04-13,0.221,0.234,0.216,0.234,12575600.0,2810309.0,713.6309,,3049.705,2200.699,0.2235,1.9544000000000001,,,,,,,,,,
353 HK Equity,False,,2017-04-14,,,,,,,,,,,,,,,,,,,,,,
353 HK Equity,False,,2017-04-15,,,,,,,,,,,,,,,,,,,,,,
353 HK Equity,False,,2017-04-16,,,,,,,,,,,,,,,,,,,,,,
353 HK Equity,False,,2017-04-17,,,,,,,,,,,,,,,,,,,,,,
353 HK Equity,False,,2017-04-18,0.233,0.233,0.227,0.233,7620000.0,1754500.0,710.5812,,3049.705,2200.699,0.2302,1.5606,,,,,,,,,,
353 HK Equity,False,,2017-04-19,0.233,0.24,0.225,0.24,8820000.0,2065480.0,731.9291,,3049.705,2200.699,0.2342,3.2889,,,,,,,,,,
353 HK Equity,False,,2017-04-20,0.239,0.243,0.237,0.241,6760000.0,1627160.0,734.9788,,3049.705,2200.699,0.2407,3.5509,,,,,,,,,,
353 HK Equity,False,,2017-04-21,0.24,0.255,0.23,0.242,16026800.0,3909770.0,738.0285,,3049.705,2200.699,0.244,2.0899,,,,,,,,,,
353 HK Equity,False,,2017-04-22,,,,,,,,,,,,,,,,,,,,,,
353 HK Equity,False,,2017-04-23,,,,,,,,,,,,,,,,,,,,,,
353 HK Equity,False,,2017-04-24,0.243,0.243,0.237,0.241,13566600.0,3273051.0,734.9788,,3049.705,2200.699,0.2413,1.3504,,,,,,,,,,
353 HK Equity,False,,2017-04-25,0.23,0.241,0.23,0.237,7640000.0,1821580.0,722.78,,3049.705,2200.699,0.2384,2.7034000000000002,,,,,,,,,,
353 HK Equity,False,,2017-04-26,0.238,0.24,0.234,0.234,5685000.0,1345730.0,713.6309,,3049.705,2200.699,0.2367,1.9708,,,,,,,,,,
353 HK Equity,False,,2017-04-27,0.233,0.237,0.227,0.234,6240000.0,1444140.0,713.6309,,3049.705,2200.699,0.2314,3.1744,,,,,,,,,,
353 HK Equity,False,,2017-04-28,0.23,0.238,0.227,0.23,10802000.0,2510065.0,701.4321,,3049.705,2200.699,0.2324,2.3614,,,,,,,,,,
353 HK Equity,False,,2017-04-29,,,,,,,,,,,,,,,,,,,,,,
353 HK Equity,False,,2017-04-30,,,,,,,,,,,,,,,,,,,,,,
353 HK Equity,False,,2017-05-01,,,,,,,,,,,,,,,,,,,,,,
353 HK Equity,False,,2017-05-02,0.231,0.237,0.227,0.23,24549342.0,5709530.0,701.4321,,3049.705,2200.699,0.2326,1.9726,,,,,,,,,,
353 HK Equity,False,,2017-05-03,,,,,,,,,,,,,,,,,,,,,,
353 HK Equity,False,,2017-05-04,0.228,0.239,0.228,0.231,16480000.0,3813700.0,704.4818,,3049.705,2200.699,0.2314,1.6498,,,,,,,,,,
353 HK Equity,False,,2017-05-05,0.231,0.239,0.231,0.232,14353200.0,3352957.0,707.5315,,3049.705,2200.699,0.2336,1.1747,,,,,,,,,,
353 HK Equity,False,,2017-05-06,,,,,,,,,,,,,,,,,,,,,,
353 HK Equity,False,,2017-05-07,,,,,,,,,,,,,,,,,,,,,,
353 HK Equity,False,,2017-05-08,0.234,0.24,0.233,0.24,7020000.0,1667020.0,731.9291,,3049.705,2200.699,0.2375,1.2646,,,,,,,,,,
353 HK Equity,False,,2017-05-09,0.237,0.265,0.237,0.255,39367500.0,9880714.0,777.6747,,3049.705,2200.699,0.251,1.4809,,,,,,,,,,
353 HK Equity,False,,2017-05-10,0.26,0.27,0.255,0.26,23122500.0,6084753.0,792.9232,,3049.705,2200.699,0.2632,2.3262,,,,,,,,,,
353 HK Equity,False,,2017-05-11,0.265,0.28,0.265,0.275,19188000.0,5283680.0,838.6688,,3049.705,2200.699,0.2754,2.0201,,,,,,,,,,
353 HK Equity,False,,2017-05-12,0.265,0.275,0.25,0.25,13340000.0,3506200.0,762.4261,,3049.705,2200.699,0.2628,2.3763,,,,,,,,,,
353 HK Equity,False,,2017-05-13,,,,,,,,,,,,,,,,,,,,,,
353 HK Equity,False,,2017-05-14,,,,,,,,,,,,,,,,,,,,,,
353 HK Equity,False,,2017-05-15,0.25,0.255,0.247,0.255,11696000.0,2924731.0,777.6747,,3049.705,2200.699,0.2501,1.5526,,,,,,,,,,
353 HK Equity,False,,2017-05-16,0.255,0.255,0.25,0.25,6639000.0,1678588.0,762.4261,,3049.705,2200.699,0.2529,2.1561,,,,,,,,,,
353 HK Equity,False,,2017-05-17,0.25,0.255,0.238,0.239,9620000.0,2351600.0,728.8794,,3049.705,2200.699,0.2444,1.4123,,,,,,,,,,
353 HK Equity,False,,2017-05-18,0.236,0.238,0.218,0.222,18485400.0,4167593.0,677.0344,,3049.705,2200.699,0.2255,2.4803,,,,,,,,,,
353 HK Equity,False,,2017-05-19,0.221,0.235,0.22,0.235,4720000.0,1071380.0,716.6806,,3049.705,2200.699,0.227,1.8323,,,,,,,,,,
353 HK Equity,False,,2017-05-20,,,,,,,,,,,,,,,,,,,,,,
353 HK Equity,False,,2017-05-21,,,,,,,,,,,,,,,,,,,,,,
353 HK Equity,False,,2017-05-22,0.235,0.245,0.229,0.23,6641800.0,1546697.0,701.4321,,3049.705,2200.699,0.2329,2.8608000000000002,,,,,,,,,,
353 HK Equity,False,,2017-05-23,0.224,0.233,0.224,0.23,5940000.0,1347200.0,701.4321,,3049.705,2200.699,0.2268,2.9344,,,,,,,,,,
353 HK Equity,False,,2017-05-24,0.226,0.232,0.226,0.228,3040000.0,691060.0,695.3326,,3049.705,2200.699,0.2273,1.592,,,,,,,,,,
353 HK Equity,False,,2017-05-25,0.23,0.233,0.229,0.232,5040000.0,1161520.0,707.5315,,3049.705,2200.699,0.2305,1.4611,,,,,,,,,,
353 HK Equity,False,,2017-05-26,0.232,0.232,0.225,0.232,8260000.0,1888520.0,707.5315,,3049.705,2200.699,0.2286,1.0124,,,,,,,,,,
353 HK Equity,False,,2017-05-27,,,,,,,,,,,,,,,,,,,,,,
353 HK Equity,False,,2017-05-28,,,,,,,,,,,,,,,,,,,,,,
353 HK Equity,False,,2017-05-29,0.23,0.231,0.228,0.231,7420000.0,1702020.0,704.4818,,3049.705,2200.699,0.2294,1.1521,,,,,,,,,,
353 HK Equity,False,,2017-05-30,,,,,,,,,,,,,,,,,,,,,,
353 HK Equity,False,,2017-05-31,0.229,0.232,0.228,0.231,6211800.0,1427066.0,704.4818,,3049.705,2200.699,0.2298,0.9166,,,,,,,,,,
353 HK Equity,False,,2017-06-01,0.23,0.233,0.221,0.231,5540402.0,1270050.0,704.4818,,3049.705,2200.699,0.2292,1.9008,,,,,,,,,,
353 HK Equity,False,,2017-06-02,0.233,0.233,0.23,0.23,3580800.0,824715.8,701.4321,,3049.705,2200.699,0.2304,0.6289,,,,,,,,,,
353 HK Equity,False,,2017-06-03,,,,,,,,,,,,,,,,,,,,,,
353 HK Equity,False,,2017-06-04,,,,,,,,,,,,,,,,,,,,,,
353 HK Equity,False,,2017-06-05,0.226,0.232,0.225,0.232,7815300.0,1800479.0,707.5315,,3049.705,2200.699,0.2304,1.6134,,,,,,,,,,
353 HK Equity,False,,2017-06-06,0.229,0.232,0.228,0.232,8020000.0,1849940.0,707.5315,,3049.705,2200.699,0.2307,1.017,,,,,,,,,,
353 HK Equity,False,,2017-06-07,0.231,0.233,0.231,0.233,7073000.0,1638185.0,710.5812,,3049.705,2200.699,0.2316,1.5338,,,,,,,,,,
353 HK Equity,False,,2017-06-08,0.23,0.24,0.227,0.24,5140000.0,1204240.0,731.9291,,3049.705,2200.699,0.2343,1.3864,,,,,,,,,,
353 HK Equity,False,,2017-06-09,0.241,0.245,0.237,0.245,8670000.0,2094210.0,747.1776,,3049.705,2200.699,0.2416,1.5046,,,,,,,,,,
353 HK Equity,False,,2017-06-10,,,,,,,,,,,,,,,,,,,,,,
353 HK Equity,False,,2017-06-11,,,,,,,,,,,,,,,,,,,,,,
353 HK Equity,False,,2017-06-12,0.249,0.249,0.239,0.24,4920000.0,1186480.0,731.9291,,3049.705,2200.699,0.2412,1.7046999999999999,,,,,,,,,,
353 HK Equity,False,,2017-06-13,0.241,0.245,0.24,0.245,6860000.0,1661460.0,747.1776,,3049.705,2200.699,0.2422,0.8759,,,,,,,,,,
353 HK Equity,False,,2017-06-14,0.245,0.248,0.24,0.242,6846000.0,1672572.0,738.0285,,3049.705,2200.699,0.2444,1.3553,,,,,,,,,,
353 HK Equity,False,,2017-06-15,0.243,0.244,0.24,0.24,8440000.0,2043000.0,731.9291,,3049.705,2200.699,0.2421,1.2558,,,,,,,,,,
353 HK Equity,False,,2017-06-16,0.239,0.241,0.231,0.235,10686500.0,2524310.0,716.6806,,3049.705,2200.699,0.2362,1.3043,,,,,,,,,,
353 HK Equity,False,,2017-06-17,,,,,,,,,,,,,,,,,,,,,,
353 HK Equity,False,,2017-06-18,,,,,,,,,,,,,,,,,,,,,,
353 HK Equity,False,,2017-06-19,0.226,0.233,0.226,0.23,4810000.0,1109590.0,701.4321,,3049.705,2200.699,0.2307,2.4678,,,,,,,,,,
353 HK Equity,False,,2017-06-20,0.229,0.231,0.228,0.23,3500000.0,802660.0,701.4321,,3049.705,2200.699,0.2293,1.1134,,,,,,,,,,
353 HK Equity,False,,2017-06-21,0.226,0.231,0.217,0.218,9880000.0,2210880.0,664.8356,,3049.705,2200.699,0.2238,1.2631999999999999,,,,,,,,,,
353 HK Equity,False,,2017-06-22,0.223,0.229,0.218,0.218,3920000.0,865760.0,664.8356,,3049.705,2200.699,0.2209,4.5913,,,,,,,,,,
353 HK Equity,False,,2017-06-23,0.22,0.222,0.217,0.217,3960000.0,870400.0,661.7859,,3049.705,2200.699,0.2198,1.5279,,,,,,,,,,
353 HK Equity,False,,2017-06-24,,,,,,,,,,,,,,,,,,,,,,
353 HK Equity,False,,2017-06-25,,,,,,,,,,,,,,,,,,,,,,
353 HK Equity,False,,2017-06-26,0.219,0.22,0.21,0.211,7440000.0,1596500.0,643.4877,,3049.705,2200.699,0.2146,1.7723,,,,,,,,,,
353 HK Equity,False,,2017-06-27,0.212,0.212,0.165,0.189,9724500.0,1890620.0,576.3942,,3049.705,2200.699,0.1944,4.3688,,,,,,,,,,
353 HK Equity,False,,2017-06-28,0.188,0.198,0.181,0.197,1563000.0,305005.0,600.7918,,3049.705,2200.699,0.1952,6.7569,,,,,,,,,,
353 HK Equity,False,,2017-06-29,0.197,0.198,0.179,0.187,5440000.0,1040300.0,570.2948,,3049.705,2200.699,0.1912,4.5847,,,,,,,,,,
353 HK Equity,False,,2017-06-30,0.187,0.195,0.184,0.191,3724000.0,704924.0,582.4936,,3049.705,2200.699,0.1893,4.5549,,,,7.895,,,,,-23.033,0.1095
353 HK Equity,False,,2017-07-01,,,,,,,,,,,,,,,,,,,,,,
353 HK Equity,False,,2017-07-02,,,,,,,,,,,,,,,,,,,,,,
353 HK Equity,False,,2017-07-03,0.197,0.197,0.186,0.195,1880000.0,367460.0,594.6924,,3049.705,2200.699,0.1955,5.2306,,,,,,,,,,
353 HK Equity,False,,2017-07-04,0.185,0.193,0.185,0.188,3710200.0,692398.4,573.3445,,3049.705,2200.699,0.1866,2.8378,,,,,,,,,,
353 HK Equity,False,,2017-07-05,0.191,0.191,0.182,0.182,7560000.0,1387160.0,555.0462,,3049.705,2200.699,0.1835,3.7536,,,,,,,,,,
353 HK Equity,False,,2017-07-06,0.185,0.186,0.175,0.175,6076000.0,1082232.0,533.6983,,3049.705,2200.699,0.1781,5.6835,,,,,,,,,,
353 HK Equity,False,,2017-07-07,0.174,0.183,0.174,0.18,6240000.0,1102320.0,548.9468,,3049.705,2200.699,0.1767,4.4995,,,,,,,,,,
353 HK Equity,False,,2017-07-08,,,,,,,,,,,,,,,,,,,,,,
353 HK Equity,False,,2017-07-09,,,,,,,,,,,,,,,,,,,,,,
353 HK Equity,False,,2017-07-10,0.181,0.186,0.181,0.185,6420000.0,1183220.0,564.1953,,3049.705,2200.699,0.1843,2.565,,,,,,,,,,
353 HK Equity,False,,2017-07-11,0.185,0.185,0.174,0.175,3345600.0,599795.2,533.6983,,3049.705,2200.699,0.1793,2.6546,,,,,,,,,,
353 HK Equity,False,,2017-07-12,0.176,0.184,0.173,0.18,1780000.0,315000.0,548.9468,,3049.705,2200.699,0.177,3.1139,,,,,,,,,,
353 HK Equity,False,,2017-07-13,0.173,0.178,0.173,0.177,2076000.0,365755.0,539.7977,,3049.705,2200.699,0.1763,3.8165,,,,,,,,,,
353 HK Equity,False,,2017-07-14,0.172,0.176,0.171,0.172,7020000.0,1213660.0,524.5492,,3049.705,2200.699,0.1729,2.077,,,,,,,,,,
353 HK Equity,False,,2017-07-15,,,,,,,,,,,,,,,,,,,,,,
353 HK Equity,False,,2017-07-16,,,,,,,,,,,,,,,,,,,,,,
353 HK Equity,False,,2017-07-17,0.18,0.184,0.174,0.184,4189500.0,759295.0,561.1456,,3049.705,2200.699,0.1813,4.1947,,,,,,,,,,
353 HK Equity,False,,2017-07-18,0.183,0.183,0.159,0.166,10272000.0,1732961.0,506.251,,3049.705,2200.699,0.1687,3.2282,,,,,,,,,,
353 HK Equity,False,,2017-07-19,0.166,0.175,0.162,0.175,7229200.0,1211212.0,533.6983,,3049.705,2200.699,0.1676,2.7556000000000003,,,,,,,,,,
353 HK Equity,False,,2017-07-20,0.173,0.174,0.162,0.162,4984400.0,826172.8,494.0521,,3049.705,2200.699,0.1658,3.0104,,,,,,,,,,
353 HK Equity,False,,2017-07-21,0.162,0.166,0.161,0.162,3820000.0,623020.0,494.0521,,3049.705,2200.699,0.1631,2.0581,,,,,,,,,,
353 HK Equity,False,,2017-07-22,,,,,,,,,,,,,,,,,,,,,,
353 HK Equity,False,,2017-07-23,,,,,,,,,,,,,,,,,,,,,,
353 HK Equity,False,,2017-07-24,0.166,0.172,0.166,0.172,3669000.0,615700.0,524.5492,,3049.705,2200.699,0.1678,3.6548,,,,,,,,,,
353 HK Equity,False,,2017-07-25,0.171,0.171,0.163,0.17,4380000.0,746080.0,518.4498,,3049.705,2200.699,0.1703,3.8996,,,,,,,,,,
353 HK Equity,False,,2017-07-26,0.163,0.167,0.156,0.165,5976100.0,978587.7,503.2013,,3049.705,2200.699,0.1638,2.8699,,,,,,,,,,
353 HK Equity,False,,2017-07-27,0.164,0.165,0.164,0.165,3594000.0,590064.0,503.2013,,3049.705,2200.699,0.1642,3.1250999999999998,,,,,,,,,,
353 HK Equity,False,,2017-07-28,0.164,0.164,0.157,0.159,2815000.0,449546.0,484.903,,3049.705,2200.699,0.1597,3.8446,,,,,,,,,,
353 HK Equity,False,,2017-07-29,,,,,,,,,,,,,,,,,,,,,,
353 HK Equity,False,,2017-07-30,,,,,,,,,,,,,,,,,,,,,,
353 HK Equity,False,,2017-07-31,0.168,0.169,0.164,0.164,2028000.0,339236.0,500.1516,,3049.705,2200.699,0.1674,6.9615,,,,,,,,,,
353 HK Equity,False,,2017-08-01,0.173,0.173,0.157,0.168,4220000.0,693880.0,512.3504,,3049.705,2200.699,0.1644,5.0282,,,,,,,,,,
353 HK Equity,False,,2017-08-02,0.164,0.165,0.158,0.158,4111000.0,657929.0,481.8533,,3049.705,2200.699,0.1601,4.0324,,,,,,,,,,
353 HK Equity,False,,2017-08-03,0.158,0.162,0.152,0.155,4377400.0,680805.2,472.7042,,3049.705,2200.699,0.1556,2.6228,,,,,,,,,,
353 HK Equity,False,,2017-08-04,0.153,0.155,0.149,0.15,4174600.0,627808.0,457.4557,,3049.705,2200.699,0.1504,3.8784,,,,,,,,,,
353 HK Equity,False,,2017-08-05,,,,,,,,,,,,,,,,,,,,,,
353 HK Equity,False,,2017-08-06,,,,,,,,,,,,,,,,,,,,,,
353 HK Equity,False,,2017-08-07,0.15,0.151,0.148,0.148,1435000.0,214110.0,451.3563,,3049.705,2200.699,0.1493,3.2659000000000002,,,,,,,,,,
353 HK Equity,False,,2017-08-08,0.142,0.145,0.138,0.138,2140000.0,301360.0,420.8592,,3049.705,2200.699,0.1408,4.5905000000000005,,,,,,,,,,
353 HK Equity,False,,2017-08-09,0.134,0.135,0.126,0.134,4980000.0,650400.0,408.6604,,3049.705,2200.699,0.1306,5.3681,,,,,,,,,,
353 HK Equity,False,,2017-08-10,0.136,0.146,0.135,0.139,1005000.0,139380.0,423.9089,,3049.705,2200.699,0.1388,7.1503,,,,,,,,,,
353 HK Equity,False,,2017-08-11,0.14,0.143,0.139,0.142,6292500.0,888422.5,433.0581,,3049.705,2200.699,0.1412,2.2523,,,,,,,,,,
353 HK Equity,False,,2017-08-12,,,,,,,,,,,,,,,,,,,,,,
353 HK Equity,False,,2017-08-13,,,,,,,,,,,,,,,,,,,,,,
353 HK Equity,False,,2017-08-14,0.154,0.156,0.141,0.155,2760000.0,418620.0,472.7042,,3049.705,2200.699,0.1517,6.0478,,,,,,,,,,
353 HK Equity,False,,2017-08-15,0.155,0.165,0.155,0.165,1200000.0,195960.0,503.2013,,3049.705,2200.699,0.1633,5.9989,,,,,,,,,,
353 HK Equity,False,,2017-08-16,0.168,0.233,0.163,0.206,48809000.0,10340190.0,628.2391,,3049.705,2200.699,0.2119,2.5103,,,,,,,,,,
353 HK Equity,False,,2017-08-17,0.2,0.224,0.183,0.2,23104000.0,4677300.0,609.9409,,3049.705,2200.699,0.2024,3.0705,,,,,,,,,,
353 HK Equity,False,,2017-08-18,0.199,0.201,0.195,0.195,10487600.0,2090223.0,594.6924,,3049.705,2200.699,0.1993,2.8448,,,,,,,,,,
353 HK Equity,False,,2017-08-19,,,,,,,,,,,,,,,,,,,,,,
353 HK Equity,False,,2017-08-20,,,,,,,,,,,,,,,,,,,,,,
353 HK Equity,False,,2017-08-21,0.2,0.2,0.18,0.187,4143000.0,765687.0,570.2948,,3049.705,2200.699,0.1848,3.9347,,,,,,,,,,
353 HK Equity,False,,2017-08-22,0.182,0.186,0.182,0.184,2520000.0,468400.0,561.1456,,3049.705,2200.699,0.1859,3.815,,,,,,,,,,
353 HK Equity,False,,2017-08-23,,,,,,,,,,,,,,,,,,,,,,
353 HK Equity,False,,2017-08-24,0.186,0.194,0.185,0.186,6760000.0,1259020.0,567.2451,,3049.705,2200.699,0.1862,3.9232,,,,,,,,,,
353 HK Equity,False,,2017-08-25,0.195,0.195,0.186,0.188,4169000.0,791312.0,573.3445,,3049.705,2200.699,0.1899,2.9753,,,,,,,,,,
353 HK Equity,False,,2017-08-26,,,,,,,,,,,,,,,,,,,,,,
353 HK Equity,False,,2017-08-27,,,,,,,,,,,,,,,,,,,,,,
353 HK Equity,False,,2017-08-28,0.188,0.198,0.188,0.194,6054700.0,1172431.0,591.6427,,3049.705,2200.699,0.1937,3.5042999999999997,,,,,,,,,,
353 HK Equity,False,,2017-08-29,0.189,0.19,0.183,0.188,3800000.0,709120.0,573.3445,,3049.705,2200.699,0.1866,4.1685,,,,,,,,,,
353 HK Equity,False,,2017-08-30,0.191,0.193,0.184,0.191,4900000.0,925796.0,582.4936,,3049.705,2200.699,0.189,2.0858,,,,,,,,,,
353 HK Equity,False,,2017-08-31,0.189,0.194,0.188,0.192,3482000.0,659584.0,585.5433,,3049.705,2200.699,0.1894,2.6264,,,,,,,,,,
353 HK Equity,False,,2017-09-01,0.192,0.192,0.186,0.19,6130000.0,1155200.0,579.4439,,3049.705,2200.699,0.1885,1.4604,,,,,,,,,,
353 HK Equity,False,,2017-09-02,,,,,,,,,,,,,,,,,,,,,,
353 HK Equity,False,,2017-09-03,,,,,,,,,,,,,,,,,,,,,,
353 HK Equity,False,,2017-09-04,0.187,0.19,0.186,0.188,5842000.0,1100084.0,573.3445,,3049.705,2200.699,0.1883,2.3121,,,,,,,,,,
353 HK Equity,False,,2017-09-05,0.189,0.199,0.189,0.196,9360000.0,1807700.0,597.7421,,3049.705,2200.699,0.1931,1.9321000000000002,,,,,,,,,,
353 HK Equity,False,,2017-09-06,0.195,0.196,0.19,0.193,5062000.0,977890.0,588.593,,3049.705,2200.699,0.1932,2.5009,,,,,,,,,,
353 HK Equity,False,,2017-09-07,0.193,0.198,0.191,0.192,4980000.0,971300.0,585.5433,,3049.705,2200.699,0.195,1.8452,,,,,,,,,,
353 HK Equity,False,,2017-09-08,0.191,0.192,0.19,0.191,2780000.0,531000.0,582.4936,,3049.705,2200.699,0.191,0.7089,,,,,,,,,,
353 HK Equity,False,,2017-09-09,,,,,,,,,,,,,,,,,,,,,,
353 HK Equity,False,,2017-09-10,,,,,,,,,,,,,,,,,,,,,,
353 HK Equity,False,,2017-09-11,0.194,0.194,0.19,0.191,5500000.0,1055000.0,582.4936,,3049.705,2200.699,0.1918,1.3578999999999999,,,,,,,,,,
353 HK Equity,False,,2017-09-12,0.19,0.192,0.187,0.187,8765000.0,1667125.0,570.2948,,3049.705,2200.699,0.1902,1.2784,,,,,,,,,,
353 HK Equity,False,,2017-09-13,0.19,0.191,0.185,0.19,4369000.0,825064.0,579.4439,,3049.705,2200.699,0.1889,2.1443,,,,,,,,,,
353 HK Equity,False,,2017-09-14,0.19,0.19,0.182,0.189,5821000.0,1090592.0,576.3942,,3049.705,2200.699,0.1874,1.3976,,,,,,,,,,
353 HK Equity,False,,2017-09-15,0.19,0.191,0.182,0.191,4058000.0,761552.0,582.4936,,3049.705,2200.699,0.1877,3.977,,,,,,,,,,
353 HK Equity,False,,2017-09-16,,,,,,,,,,,,,,,,,,,,,,
353 HK Equity,False,,2017-09-17,,,,,,,,,,,,,,,,,,,,,,
353 HK Equity,False,,2017-09-18,0.189,0.189,0.188,0.188,4380000.0,826100.0,573.3445,,3049.705,2200.699,0.1886,0.9793,,,,,,,,,,
353 HK Equity,False,,2017-09-19,0.188,0.189,0.186,0.188,4110000.0,772260.0,573.3445,,3049.705,2200.699,0.1879,3.0841,,,,,,,,,,
353 HK Equity,False,,2017-09-20,0.19,0.19,0.184,0.189,5175000.0,965180.0,576.3942,,3049.705,2200.699,0.1865,2.5518,,,,,,,,,,
353 HK Equity,False,,2017-09-21,0.189,0.19,0.187,0.189,2427000.0,457126.0,576.3942,,3049.705,2200.699,0.1884,2.0436,,,,,,,,,,
353 HK Equity,False,,2017-09-22,0.187,0.187,0.184,0.184,3400000.0,631840.0,561.1456,,3049.705,2200.699,0.1858,1.8448,,,,,,,,,,
353 HK Equity,False,,2017-09-23,,,,,,,,,,,,,,,,,,,,,,
353 HK Equity,False,,2017-09-24,,,,,,,,,,,,,,,,,,,,,,
353 HK Equity,False,,2017-09-25,0.184,0.184,0.163,0.169,5746000.0,1005736.0,515.4001,,3049.705,2200.699,0.175,4.2793,,,,,,,,,,
353 HK Equity,False,,2017-09-26,0.18,0.182,0.173,0.179,4700000.0,836400.0,545.8971,,3049.705,2200.699,0.178,3.184,,,,,,,,,,
353 HK Equity,False,,2017-09-27,0.177,0.181,0.177,0.18,3700000.0,663760.0,548.9468,,3049.705,2200.699,0.1794,2.1804,,,,,,,,,,
353 HK Equity,False,,2017-09-28,0.188,0.188,0.18,0.188,5720000.0,1057160.0,573.3445,,3049.705,2200.699,0.1848,5.7552,,,,,,,,,,
353 HK Equity,False,,2017-09-29,0.185,0.192,0.185,0.192,5392500.0,1021806.0,585.5433,,3049.705,2200.699,0.1895,1.4859,,,,,,,,,,
353 HK Equity,False,,2017-09-30,,,,,,,,,,,,,,,,,,,,,,
353 HK Equity,False,,2017-10-01,,,,,,,,,,,,,,,,,,,,,,
353 HK Equity,False,,2017-10-02,,,,,,,,,,,,,,,,,,,,,,
353 HK Equity,False,,2017-10-03,0.192,0.196,0.191,0.191,5140000.0,992800.0,582.4936,,3049.705,2200.699,0.1932,2.3005,,,,,,,,,,
353 HK Equity,False,,2017-10-04,0.192,0.195,0.191,0.191,1040000.0,200320.0,582.4936,,3049.705,2200.699,0.1926,3.14,,,,,,,,,,
353 HK Equity,False,,2017-10-05,,,,,,,,,,,,,,,,,,,,,,
353 HK Equity,False,,2017-10-06,0.194,0.2,0.194,0.2,1744000.0,346432.0,609.9409,,3049.705,2200.699,0.1988,1.9506000000000001,,,,,,,,,,
353 HK Equity,False,,2017-10-07,,,,,,,,,,,,,,,,,,,,,,
353 HK Equity,False,,2017-10-08,,,,,,,,,,,,,,,,,,,,,,
353 HK Equity,False,,2017-10-09,0.201,0.208,0.201,0.205,4242000.0,861674.0,625.1894,,3049.705,2200.699,0.2032,1.9514,,,,,,,,,,
353 HK Equity,False,,2017-10-10,0.203,0.203,0.2,0.2,1870000.0,375630.0,609.9409,,3049.705,2200.699,0.2009,2.8362,,,,,,,,,,
353 HK Equity,False,,2017-10-11,0.202,0.203,0.197,0.197,3760000.0,749300.0,600.7918,,3049.705,2200.699,0.1993,2.5054,,,,,,,,,,
353 HK Equity,False,,2017-10-12,0.202,0.21,0.198,0.198,3723000.0,744448.0,603.8415,,3049.705,2200.699,0.2,3.9072,,,,,,,,,,
353 HK Equity,False,,2017-10-13,0.2,0.201,0.197,0.198,4700000.0,936340.0,603.8415,,3049.705,2200.699,0.1992,2.6526,,,,,,,,,,
353 HK Equity,False,,2017-10-14,,,,,,,,,,,,,,,,,,,,,,
353 HK Equity,False,,2017-10-15,,,,,,,,,,,,,,,,,,,,,,
353 HK Equity,False,,2017-10-16,0.196,0.203,0.196,0.199,4659600.0,932293.6,606.8912,,3049.705,2200.699,0.2001,8.2693,,,,,,,,,,
353 HK Equity,False,,2017-10-17,0.196,0.2,0.196,0.199,5220200.0,1038538.0,606.8912,,3049.705,2200.699,0.1989,3.9955,,,,,,,,,,
353 HK Equity,False,,2017-10-18,0.199,0.205,0.199,0.201,1291000.0,258935.0,612.9906,,3049.705,2200.699,0.2007,2.4391,,,,,,,,,,
353 HK Equity,False,,2017-10-19,0.199,0.201,0.192,0.196,6505000.0,1280790.0,597.7421,,3049.705,2200.699,0.1969,1.9569,,,,,,,,,,
353 HK Equity,False,,2017-10-20,0.199,0.199,0.182,0.187,5802000.0,1100224.0,570.2948,,3049.705,2200.699,0.1896,1.8377,,,,,,,,,,
353 HK Equity,False,,2017-10-21,,,,,,,,,,,,,,,,,,,,,,
353 HK Equity,False,,2017-10-22,,,,,,,,,,,,,,,,,,,,,,
353 HK Equity,False,,2017-10-23,0.189,0.192,0.183,0.185,4300000.0,810560.0,564.1953,,3049.705,2200.699,0.1885,1.6819,,,,,,,,,,
353 HK Equity,False,,2017-10-24,0.185,0.185,0.181,0.182,1920000.0,349680.0,555.0462,,3049.705,2200.699,0.1821,2.2073,,,,,,,,,,
353 HK Equity,False,,2017-10-25,0.183,0.183,0.178,0.18,2600000.0,469180.0,548.9468,,3049.705,2200.699,0.1805,2.1488,,,,,,,,,,
353 HK Equity,False,,2017-10-26,0.18,0.181,0.178,0.178,4561000.0,820294.0,542.8474,,3049.705,2200.699,0.1799,2.6723,,,,,,,,,,
353 HK Equity,False,,2017-10-27,0.178,0.178,0.174,0.174,1726200.0,303690.6,530.6486,,3049.705,2200.699,0.1761,1.1166,,,,,,,,,,
353 HK Equity,False,,2017-10-28,,,,,,,,,,,,,,,,,,,,,,
353 HK Equity,False,,2017-10-29,,,,,,,,,,,,,,,,,,,,,,
353 HK Equity,False,,2017-10-30,0.175,0.179,0.17,0.172,5241600.0,922276.0,524.5492,,3049.705,2200.699,0.176,1.9252,,,,,,,,,,
353 HK Equity,False,,2017-10-31,0.171,0.174,0.168,0.172,2980000.0,512720.0,524.5492,,3049.705,2200.699,0.1721,4.1194,,,,,,,,,,
353 HK Equity,False,,2017-11-01,0.181,0.181,0.169,0.17,7523000.0,1305600.0,518.4498,,3049.705,2200.699,0.1736,3.3496,,,,,,,,,,
353 HK Equity,False,,2017-11-02,0.16,0.17,0.16,0.169,2076000.0,348260.0,515.4001,,3049.705,2200.699,0.1678,2.9443,,,,,,,,,,
353 HK Equity,False,,2017-11-03,0.172,0.172,0.165,0.167,5821000.0,973175.0,509.3007,,3049.705,2200.699,0.1672,2.2988,,,,,,,,,,
353 HK Equity,False,,2017-11-04,,,,,,,,,,,,,,,,,,,,,,
353 HK Equity,False,,2017-11-05,,,,,,,,,,,,,,,,,,,,,,
353 HK Equity,False,,2017-11-06,0.166,0.171,0.166,0.167,2378000.0,400776.0,509.3007,,3049.705,2200.699,0.1686,2.5116,,,,,,,,,,
353 HK Equity,False,,2017-11-07,0.17,0.171,0.167,0.169,5440000.0,918300.0,515.4001,,3049.705,2200.699,0.1688,1.3783,,,,,,,,,,
353 HK Equity,False,,2017-11-08,0.169,0.173,0.167,0.173,4882000.0,830676.0,527.5989,,3049.705,2200.699,0.1702,1.7723,,,,,,,,,,
353 HK Equity,False,,2017-11-09,0.175,0.175,0.17,0.173,8340000.0,1441680.0,527.5989,,3049.705,2200.699,0.1729,2.5849,,,,,,,,,,
353 HK Equity,False,,2017-11-10,0.179,0.179,0.175,0.175,1520000.0,268280.0,533.6983,,3049.705,2200.699,0.1765,3.8146,,,,,,,,,,
353 HK Equity,False,,2017-11-11,,,,,,,,,,,,,,,,,,,,,,
353 HK Equity,False,,2017-11-12,,,,,,,,,,,,,,,,,,,,,,
353 HK Equity,False,,2017-11-13,0.179,0.183,0.176,0.179,6824500.0,1221972.0,545.8971,,3049.705,2200.699,0.1791,1.9102999999999999,,,,,,,,,,
353 HK Equity,False,,2017-11-14,0.18,0.183,0.178,0.178,1412000.0,255288.0,542.8474,,3049.705,2200.699,0.1809,1.2652,,,,,,,,,,
353 HK Equity,False,,2017-11-15,0.178,0.181,0.175,0.181,7000000.0,1238420.0,551.9965,,3049.705,2200.699,0.1769,2.2643,,,,,,,,,,
353 HK Equity,False,,2017-11-16,0.181,0.201,0.177,0.189,14922000.0,2859070.0,576.3942,,3049.705,2200.699,0.1916,3.2471,,,,,,,,,,
353 HK Equity,False,,2017-11-17,0.193,0.196,0.192,0.194,5440000.0,1051220.0,591.6427,,3049.705,2200.699,0.1933,2.0362,,,,,,,,,,
353 HK Equity,False,,2017-11-18,,,,,,,,,,,,,,,,,,,,,,
353 HK Equity,False,,2017-11-19,,,,,,,,,,,,,,,,,,,,,,
353 HK Equity,False,,2017-11-20,0.194,0.199,0.188,0.189,6083000.0,1171421.0,576.3942,,3049.705,2200.699,0.1926,1.8826,,,,,,,,,,
353 HK Equity,False,,2017-11-21,0.189,0.192,0.18,0.181,11130000.0,2074790.0,551.9965,,3049.705,2200.699,0.1864,1.0499,,,,,,,,,,
353 HK Equity,False,,2017-11-22,0.179,0.18,0.177,0.178,3281500.0,583829.0,542.8474,,3049.705,2200.699,0.178,1.1458,,,,,,,,,,
353 HK Equity,False,,2017-11-23,0.18,0.184,0.179,0.181,5680000.0,1031260.0,551.9965,,3049.705,2200.699,0.1816,2.2236,,,,,,,,,,
353 HK Equity,False,,2017-11-24,0.181,0.192,0.181,0.185,15001800.0,2845092.0,564.1953,,3049.705,2200.699,0.1897,3.6103,,,,,,,,,,
353 HK Equity,False,,2017-11-25,,,,,,,,,,,,,,,,,,,,,,
353 HK Equity,False,,2017-11-26,,,,,,,,,,,,,,,,,,,,,,
353 HK Equity,False,,2017-11-27,0.197,0.197,0.185,0.185,2622000.0,495705.0,564.1953,,3049.705,2200.699,0.1892,2.5899,,,,,,,,,,
353 HK Equity,False,,2017-11-28,0.183,0.183,0.177,0.179,3320000.0,596240.0,545.8971,,3049.705,2200.699,0.1796,2.4289,,,,,,,,,,
353 HK Equity,False,,2017-11-29,0.176,0.181,0.176,0.176,4719000.0,839720.0,536.748,,3049.705,2200.699,0.178,1.2968,,,,,,,,,,
353 HK Equity,False,,2017-11-30,0.186,0.186,0.173,0.18,6400000.0,1131380.0,548.9468,,3049.705,2200.699,0.1768,1.9943,,,,,,,,,,
353 HK Equity,False,,2017-12-01,0.178,0.179,0.173,0.176,2565000.0,450765.0,536.748,,3049.705,2200.699,0.1758,2.2919,,,,,,,,,,
353 HK Equity,False,,2017-12-02,,,,,,,,,,,,,,,,,,,,,,
353 HK Equity,False,,2017-12-03,,,,,,,,,,,,,,,,,,,,,,
353 HK Equity,False,,2017-12-04,0.177,0.177,0.172,0.174,1150000.0,200790.0,530.6486,,3049.705,2200.699,0.1747,1.92,,,,,,,,,,
353 HK Equity,False,,2017-12-05,0.175,0.181,0.175,0.177,3270000.0,583900.0,539.7977,,3049.705,2200.699,0.1786,3.5623,,,,,,,,,,
353 HK Equity,False,,2017-12-06,0.177,0.179,0.176,0.179,2020000.0,358660.0,545.8971,,3049.705,2200.699,0.1776,2.409,,,,,,,,,,
353 HK Equity,False,,2017-12-07,0.179,0.181,0.174,0.175,2088600.0,371662.2,533.6983,,3049.705,2200.699,0.178,1.9854,,,,,,,,,,
353 HK Equity,False,,2017-12-08,0.178,0.18,0.175,0.18,12580000.0,2260520.0,548.9468,,3049.705,2200.699,0.1797,2.52,,,,,,,,,,
353 HK Equity,False,,2017-12-09,,,,,,,,,,,,,,,,,,,,,,
353 HK Equity,False,,2017-12-10,,,,,,,,,,,,,,,,,,,,,,
353 HK Equity,False,,2017-12-11,0.179,0.18,0.178,0.18,3100000.0,554500.0,548.9468,,3049.705,2200.699,0.1789,1.5697,,,,,,,,,,
353 HK Equity,False,,2017-12-12,0.179,0.181,0.177,0.18,4349000.0,780128.0,548.9468,,3049.705,2200.699,0.1794,1.5436999999999999,,,,,,,,,,
353 HK Equity,False,,2017-12-13,0.18,0.18,0.178,0.18,4020000.0,721400.0,548.9468,,3049.705,2200.699,0.1795,2.6798,,,,,,,,,,
353 HK Equity,False,,2017-12-14,0.179,0.18,0.176,0.177,8675000.0,1555175.0,539.7977,,3049.705,2200.699,0.1793,0.9141,,,,,,,,,,
353 HK Equity,False,,2017-12-15,0.179,0.19,0.178,0.19,6402000.0,1169517.0,579.4439,,3049.705,2200.699,0.1827,2.8697,,,,,,,,,,
353 HK Equity,False,,2017-12-16,,,,,,,,,,,,,,,,,,,,,,
353 HK Equity,False,,2017-12-17,,,,,,,,,,,,,,,,,,,,,,
353 HK Equity,False,,2017-12-18,0.183,0.195,0.181,0.182,2911000.0,548841.4,555.0462,,3049.705,2200.699,0.1886,4.3327,,,,,,,,,,
353 HK Equity,False,,2017-12-19,0.182,0.183,0.18,0.181,783000.0,141870.0,551.9965,,3049.705,2200.699,0.1812,2.6151999999999997,,,,,,,,,,
353 HK Equity,False,,2017-12-20,0.186,0.186,0.178,0.18,3141000.0,570692.0,548.9468,,3049.705,2200.699,0.1817,2.7481,,,,,,,,,,
353 HK Equity,False,,2017-12-21,0.175,0.176,0.175,0.176,300000.0,52580.0,536.748,,3049.705,2200.699,0.1753,3.6225,,,,,,,,,,
353 HK Equity,False,,2017-12-22,0.18,0.181,0.178,0.178,1000000.0,179780.0,542.8474,,3049.705,2200.699,0.1798,2.2886,,,,,,,,,,
353 HK Equity,False,,2017-12-23,,,,,,,,,,,,,,,,,,,,,,
353 HK Equity,False,,2017-12-24,,,,,,,,,,,,,,,,,,,,,,
353 HK Equity,False,,2017-12-25,,,,,,,,,,,,,,,,,,,,,,
353 HK Equity,False,,2017-12-26,,,,,,,,,,,,,,,,,,,,,,
353 HK Equity,False,,2017-12-27,0.18,0.18,0.177,0.177,1100000.0,197880.0,539.7977,,3049.705,2200.699,0.1799,1.8243,,,,,,,,,,
353 HK Equity,False,,2017-12-28,0.177,0.179,0.161,0.173,4739600.0,816592.0,527.5989,,3049.705,2200.699,0.1723,2.8842,,,,,,,,,,
353 HK Equity,False,,2017-12-29,0.173,0.173,0.167,0.173,5581500.0,951184.5,527.5989,,3049.705,2200.699,0.1704,1.4508,,,,,,,,,,
353 HK Equity,False,,2017-12-30,,,,,,,,,,,,,,,,,,,,,,
353 HK Equity,False,,2017-12-31,,,,,,,,,,,,,,,,,,,,,,
353 HK Equity,False,,2018-01-01,,,,,,,,,,,,,,,,,,,,,,
353 HK Equity,False,,2018-01-02,0.173,0.173,0.166,0.168,5220600.0,886637.8,512.3504,,3049.705,2200.699,0.1698,1.4285999999999999,,,,,,,,,,
353 HK Equity,False,,2018-01-03,0.172,0.179,0.165,0.174,5635000.0,962869.0,530.6486,,3049.705,2200.699,0.1709,2.2561,,,,,,,,,,
353 HK Equity,False,,2018-01-04,0.176,0.178,0.171,0.171,2399200.0,422847.2,521.4995,,3049.705,2200.699,0.1763,2.1474,,,,,,,,,,
353 HK Equity,False,,2018-01-05,0.175,0.175,0.175,0.175,220000.0,38500.0,533.6983,,3049.705,2200.699,0.175,4.3828,,,,,,,,,,
353 HK Equity,False,,2018-01-06,,,,,,,,,,,,,,,,,,,,,,
353 HK Equity,False,,2018-01-07,,,,,,,,,,,,,,,,,,,,,,
353 HK Equity,False,,2018-01-08,0.16,0.17,0.16,0.169,1303000.0,212792.0,515.4001,,3049.705,2200.699,0.1633,4.075,,,,,,,,,,
353 HK Equity,False,,2018-01-09,0.169,0.18,0.169,0.171,1185000.0,208468.0,521.4995,,3049.705,2200.699,0.176,4.8746,,,,,,,,,,
353 HK Equity,False,,2018-01-10,0.171,0.171,0.171,0.171,400000.0,68400.0,521.4995,,3049.705,2200.699,0.171,2.1615,,,,,,,,,,
353 HK Equity,False,,2018-01-11,0.169,0.169,0.168,0.168,301000.0,50645.0,512.3504,,3049.705,2200.699,0.1683,,,,,,,,,,,
353 HK Equity,False,,2018-01-12,0.168,0.169,0.164,0.169,1728000.0,287712.0,515.4001,,3049.705,2200.699,0.1667,2.6182,,,,,,,,,,
353 HK Equity,False,,2018-01-13,,,,,,,,,,,,,,,,,,,,,,
353 HK Equity,False,,2018-01-14,,,,,,,,,,,,,,,,,,,,,,
353 HK Equity,False,,2018-01-15,0.169,0.169,0.169,0.169,4500.0,720.0,515.4001,,3049.705,2200.699,,,,,,,,,,,,
353 HK Equity,False,,2018-01-16,0.165,0.169,0.163,0.169,310000.0,51220.0,515.4001,,3049.705,2200.699,0.1654,2.6919,,,,,,,,,,
353 HK Equity,False,,2018-01-17,0.169,0.17,0.169,0.17,433500.0,73240.5,518.4498,,3049.705,2200.699,0.1691,,,,,,,,,,,
353 HK Equity,False,,2018-01-18,0.168,0.169,0.165,0.165,1415200.0,236767.0,503.2013,,3049.705,2200.699,0.1674,1.6097000000000001,,,,,,,,,,
353 HK Equity,False,,2018-01-19,0.163,0.175,0.163,0.167,2172500.0,368102.5,509.3007,,3049.705,2200.699,0.1696,3.6206,,,,,,,,,,
353 HK Equity,False,,2018-01-20,,,,,,,,,,,,,,,,,,,,,,
353 HK Equity,False,,2018-01-21,,,,,,,,,,,,,,,,,,,,,,
353 HK Equity,False,,2018-01-22,0.163,0.166,0.163,0.166,184000.0,30220.0,506.251,,3049.705,2200.699,0.1643,2.8962,,,,,,,,,,
353 HK Equity,False,,2018-01-23,0.169,0.176,0.169,0.17,1920000.0,330520.0,518.4498,,3049.705,2200.699,0.1721,3.3952999999999998,,,,,,,,,,
353 HK Equity,False,,2018-01-24,0.17,0.174,0.162,0.168,1434000.0,242940.0,512.3504,,3049.705,2200.699,0.1695,3.9595000000000002,,,,,,,,,,
353 HK Equity,False,,2018-01-25,0.169,0.172,0.169,0.17,2287500.0,390457.5,518.4498,,3049.705,2200.699,0.1707,2.2955,,,,,,,,,,
353 HK Equity,False,,2018-01-26,0.17,0.17,0.168,0.168,1529000.0,258238.0,512.3504,,3049.705,2200.699,0.1689,1.1506,,,,,,,,,,
353 HK Equity,False,,2018-01-27,,,,,,,,,,,,,,,,,,,,,,
353 HK Equity,False,,2018-01-28,,,,,,,,,,,,,,,,,,,,,,
353 HK Equity,False,,2018-01-29,0.17,0.172,0.169,0.172,2040000.0,346860.0,524.5492,,3049.705,2200.699,0.17,1.9348,,,,,,,,,,
353 HK Equity,False,,2018-01-30,0.169,0.174,0.169,0.174,955025.0,164754.4,530.6486,,3049.705,2200.699,0.1727,2.0733,,,,,,,,,,
353 HK Equity,False,,2018-01-31,0.176,0.176,0.17,0.171,2320000.0,400540.0,521.4995,,3049.705,2200.699,0.1726,2.5049,,,,,,,,,,
353 HK Equity,False,,2018-02-01,0.171,0.173,0.17,0.17,2972200.0,507766.8,518.4498,,3049.705,2200.699,0.1709,1.6044,,,,,,,,,,
353 HK Equity,False,,2018-02-02,0.17,0.17,0.168,0.168,2635200.0,447702.4,512.3504,,3049.705,2200.699,0.1699,1.7098,,,,,,,,,,
353 HK Equity,False,,2018-02-03,,,,,,,,,,,,,,,,,,,,,,
353 HK Equity,False,,2018-02-04,,,,,,,,,,,,,,,,,,,,,,
353 HK Equity,False,,2018-02-05,0.169,0.177,0.168,0.177,1120000.0,193060.0,539.7977,,3049.705,2200.699,0.1724,3.4119,,,,,,,,,,
353 HK Equity,False,,2018-02-06,0.18,0.185,0.17,0.176,7133000.0,1265584.0,536.748,,3049.705,2200.699,0.1774,3.1248,,,,,,,,,,
353 HK Equity,False,,2018-02-07,0.173,0.178,0.168,0.169,4360000.0,755560.0,515.4001,,3049.705,2200.699,0.1733,3.6569000000000003,,,,,,,,,,
353 HK Equity,False,,2018-02-08,0.185,0.186,0.177,0.186,10291000.0,1889007.0,567.2451,,3049.705,2200.699,0.1836,3.9043,,,,,,,,,,
353 HK Equity,False,,2018-02-09,0.188,0.192,0.175,0.18,15303200.0,2769041.0,548.9468,,3049.705,2200.699,0.1809,6.6366,,,,,,,,,,
353 HK Equity,False,,2018-02-10,,,,,,,,,,,,,,,,,,,,,,
353 HK Equity,False,,2018-02-11,,,,,,,,,,,,,,,,,,,,,,
353 HK Equity,False,,2018-02-12,0.176,0.187,0.175,0.183,6550900.0,1173593.0,558.0959,,3049.705,2200.699,0.1792,4.4126,,,,,,,,,,
353 HK Equity,False,,2018-02-13,0.185,0.185,0.175,0.184,9963600.0,1761201.0,561.1456,,3049.705,2200.699,0.1768,3.8567,,,,,,,,,,
353 HK Equity,False,,2018-02-14,0.178,0.197,0.177,0.184,13936600.0,2644405.0,561.1456,,3049.705,2200.699,0.1898,4.6969,,,,,,,,,,
353 HK Equity,False,,2018-02-15,0.184,0.184,0.184,0.184,,,673.3746,,3659.645,3034.844,,5.9378,,,,,,,,,,
353 HK Equity,False,,2018-02-16,,,,,,,,,,,,,,,,,,,,,,
353 HK Equity,False,,2018-02-17,,,,,,,,,,,,,,,,,,,,,,
353 HK Equity,False,,2018-02-18,,,,,,,,,,,,,,,,,,,,,,
353 HK Equity,False,,2018-02-19,,,,,,,,,,,,,,,,,,,,,,
353 HK Equity,False,,2018-02-20,0.19,0.19,0.19,0.19,356000.0,67480.0,695.3325,,3659.645,3034.844,0.19,6.3448,,,,,,,,,,
353 HK Equity,False,,2018-02-21,0.181,0.183,0.181,0.183,460000.0,83260.0,669.715,,3659.645,3034.844,0.181,4.7729,,,,,,,,,,
353 HK Equity,False,,2018-02-22,0.19,0.191,0.19,0.191,460000.0,87620.0,698.9921,,3659.645,3034.844,0.1905,7.2394,,,,,,,,,,
353 HK Equity,False,,2018-02-23,0.185,0.185,0.185,0.185,520000.0,96200.0,677.0342,,3659.645,3034.844,0.185,2.6988,,,,,,,,,,
353 HK Equity,False,,2018-02-24,,,,,,,,,,,,,,,,,,,,,,
353 HK Equity,False,,2018-02-25,,,,,,,,,,,,,,,,,,,,,,
353 HK Equity,False,,2018-02-26,0.194,0.194,0.188,0.19,2809000.0,540444.0,695.3325,,3659.645,3034.844,0.1925,6.4679,,,,,,,,,,
353 HK Equity,False,,2018-02-27,0.19,0.19,0.19,0.19,,,695.3325,,3659.645,3034.844,,,,,,,,,,,,
353 HK Equity,False,,2018-02-28,0.183,0.195,0.183,0.194,3440000.0,666820.0,709.9711,,3659.645,3034.844,0.1938,1.9418,,,,,,,,,,
353 HK Equity,False,,2018-03-01,0.19,0.192,0.19,0.192,580000.0,110940.0,702.6518,,3659.645,3034.844,0.1913,2.4826,,,,,,,,,,
353 HK Equity,False,,2018-03-02,0.196,0.2,0.19,0.19,320000.0,63400.0,695.3325,,3659.645,3034.844,0.1981,3.3952,,,,,,,,,,
353 HK Equity,False,,2018-03-03,,,,,,,,,,,,,,,,,,,,,,
353 HK Equity,False,,2018-03-04,,,,,,,,,,,,,,,,,,,,,,
353 HK Equity,False,,2018-03-05,0.19,0.195,0.19,0.193,1860020.0,358623.7,706.3114,,3659.645,3034.844,0.1928,1.3526,,,,,,,,,,
353 HK Equity,False,,2018-03-06,0.194,0.195,0.193,0.195,1780000.0,346720.0,713.6307,,3659.645,3034.844,0.1948,1.6779,,,,,,,,,,
353 HK Equity,False,,2018-03-07,0.198,0.25,0.198,0.25,11226000.0,2369734.0,914.9111,,3659.645,3034.844,0.2111,4.868,,,,,,,,,,
353 HK Equity,False,,2018-03-08,0.245,0.245,0.221,0.223,11427000.0,2619885.0,816.1007,,3659.645,3034.844,0.2293,2.6330999999999998,,,,,,,,,,
353 HK Equity,False,,2018-03-09,0.23,0.25,0.23,0.244,16081200.0,3933884.0,892.9533,,3659.645,3034.844,0.2447,1.6968,,,,,,,,,,
353 HK Equity,False,,2018-03-10,,,,,,,,,,,,,,,,,,,,,,
353 HK Equity,False,,2018-03-11,,,,,,,,,,,,,,,,,,,,,,
353 HK Equity,False,,2018-03-12,0.244,0.249,0.234,0.249,6992000.0,1687378.0,911.2515,,3659.645,3034.844,0.2413,1.6362999999999999,,,,,,,,,,
353 HK Equity,False,,2018-03-13,0.249,0.255,0.242,0.25,8832000.0,2206198.0,914.9111,,3659.645,3034.844,0.2498,2.8709,,,,,,,,,,
353 HK Equity,False,,2018-03-14,0.244,0.26,0.241,0.255,10697100.0,2660684.0,933.2094,,3659.645,3034.844,0.2487,2.1883,,,,,,,,,,
353 HK Equity,False,,2018-03-15,0.26,0.275,0.255,0.26,38880000.0,10280500.0,951.5076,,3659.645,3034.844,0.2644,2.3588,,,,,,,,,,
353 HK Equity,False,,2018-03-16,0.255,0.27,0.227,0.265,22994000.0,5822192.0,969.8058,,3659.645,3034.844,0.2532,3.599,,,,,,,,,,
353 HK Equity,False,,2018-03-17,,,,,,,,,,,,,,,,,,,,,,
353 HK Equity,False,,2018-03-18,,,,,,,,,,,,,,,,,,,,,,
353 HK Equity,False,,2018-03-19,0.265,0.295,0.265,0.29,49665500.0,14141700.0,1061.2969,,3659.645,3034.844,0.2847,2.1554,,,,,,,,,,
353 HK Equity,False,,2018-03-20,0.295,0.3,0.27,0.29,27246400.0,7757060.0,1061.2969,,3659.645,3034.844,0.2847,2.4778000000000002,,,,,,,,,,
353 HK Equity,False,,2018-03-21,0.28,0.285,0.27,0.285,39950000.0,10846400.0,1042.9987,,3659.645,3034.844,0.2715,2.2763,,,,,,,,,,
353 HK Equity,False,,2018-03-22,0.285,0.29,0.26,0.27,22402200.0,5997030.0,988.104,,3659.645,3034.844,0.2677,2.6719,,,,,,,,,,
353 HK Equity,False,,2018-03-23,0.255,0.265,0.238,0.24,21160000.0,5239280.0,878.3147,,3659.645,,0.2476,,,,,,,,,,,
